S.No,Dashboard Type,API Endpoint,Method,Auth,Request Body,Sample Response,Status Codes,Notes
1,Auth/Public,/api/signup,POST,None (public),"{ ""fullName"": ""John Doe"", ""email"": ""john@test.com"", ""phone"": ""8000000001"", ""password"": ""Pass123"", ""role"": ""customer"" }","{ ""message"": ""User registered successfully"", ""userId"": ""6abc123..."" }",201 on success; 400/409 on error,Auth & Public — Register a new user
2,Auth/Public,/api/login,POST,None (public),"{ ""email"": ""john@test.com"", ""password"": ""Pass123"", ""role"": ""customer"" }","{ ""message"": ""Login successful"", ""token"": ""eyJhbG..."" }",200 on success; 401/403 on error,Auth & Public — Login and get JWT token
3,Auth/Public,/api/forgot-password,POST,None (public),"{ ""email"": ""john@test.com"" }","{ ""message"": ""OTP sent to your email"" }",200 on success; 404 on error,Auth & Public — Request password reset OTP
4,Auth/Public,/api/verify-otp,POST,None (public),"{ ""email"": ""john@test.com"", ""otp"": ""123456"" }","{ ""message"": ""OTP verified successfully"" }",200 on success; 400 on error,Auth & Public — Verify OTP for password reset
5,Auth/Public,/api/reset-password,POST,None (public),"{ ""email"": ""john@test.com"", ""otp"": ""123456"", ""newPassword"": ""NewPass@123"" }","{ ""message"": ""Password reset successfully"" }",200 on success; 400/404/500 on error,Auth & Public — Reset password using valid OTP
6,Public,/api/packages,GET,None (public),?publishedOnly=true,"{ ""packages"": [{ ""_id"": ""..."" }] }",200 on success; 500 on error,"Auth & Public — List all published packages. Supports ?page & ?limit (?limit=all returns every row); response adds a ""pagination"" object"
7,Public,/api/packages/:id,GET,None (public),/{packageId},"{ ""package"": { ""_id"": ""..."" } }",200 on success; 404/500 on error,Auth & Public — Get a single package
8,Public,/api/public/hotels,GET,None (public),,"{ ""hotels"": [...] }",200 on success; 500 on error,"Auth & Public — List all hotels (public). Supports ?page & ?limit (?limit=all returns every row); response adds a ""pagination"" object"
9,Public,/api/public/hotels/:id,GET,None (public),/{hotelId},"{ ""hotel"": { ""name"": ""Grand Hotel"" } }",200 on success; 404/500 on error,Auth & Public — Get hotel details (public)
10,Public,/api/public/destinations,GET,None (public),,"{ ""destinations"": [...] }",200 on success; 500 on error,"Auth & Public — List all destinations (public). Supports ?page & ?limit (?limit=all returns every row); response adds a ""pagination"" object"
137,Auth/Public,/api/auth/google,GET,None (public),,Redirects to accounts.google.com with an OAuth state parameter,302 on success; 500 on error,Auth & Public — Start Google OAuth sign-in
138,Auth/Public,/api/auth/google/callback,GET,None (public),,"{ ""token"": ""eyJhbG..."", ""user"": { ""role"": ""customer"" } }",200 on success; 401/500 on error,"Auth & Public — Google OAuth callback, issues a session token"
139,Public,/api/contact,POST,None (public),"{ ""fullName"": ""John Doe"", ""email"": ""john@test.com"", ""phone"": ""8000000001"", ""subject"": "" enquiry"", ""message"": ""Enquiry about Manali packages"" }","{ ""message"": ""Message sent successfully"" }",201 on success; 400/500 on error,Auth & Public — Submit a public contact form message
12,Admin,/api/admin/users,GET,Bearer JWT (admin),,"{ ""users"": [{ ""id"": ""..."" }] }",200 on success; 401/403/500 on error,"Admin Dashboard — List all users. Supports ?page & ?limit (?limit=all returns every row); response adds a ""pagination"" object"
13,Admin,/api/admin/users,POST,Bearer JWT (admin),"{ ""fullName"": ""Jane Admin"", ""email"": ""jane@test.com"", ""phone"": ""8000000002"", ""password"": ""Pass123"", ""role"": ""tour_operator"" }","{ ""message"": ""User created successfully"" }",201 on success; 400/401/403/500 on error,Admin Dashboard — Create new user
14,Admin,/api/admin/users/:id,PUT,Bearer JWT (admin),"{ ""fullName"": ""Jane"", ""phone"": ""8000000099"" }","{ ""message"": ""User updated successfully"" }",200 on success; 404/401/403/500 on error,Admin Dashboard — Update user. Path params: {userId}
15,Admin,/api/admin/users/:id,DELETE,Bearer JWT (admin),,"{ ""message"": ""User deleted successfully"" }",200 on success; 404/401/403/500 on error,Admin Dashboard — Delete user. Path params: {userId}
16,Admin,/api/admin/packages,GET,Bearer JWT (admin),,"{ ""packages"": [{ ""_id"": ""..."" }] }",200 on success; 401/403/500 on error,"Admin Dashboard — List all packages. Supports ?page & ?limit (?limit=all returns every row); response adds a ""pagination"" object"
17,Admin,/api/admin/packages,POST,Bearer JWT (admin),"{ ""name"": ""Manali Trip"", ""destination"": ""Manali"", ""duration"": ""4 Days"", ""price"": 12000, ""rating"": 4, ""status"": ""active"", ""publishedStatus"": ""published"", ""description"": ""Adventure trip"", ""inclusions"": [""Stay""], ""image"": ""https://via.placeholder.com/400x300"", ""category"": ""Adventure"", ""shortDescription"": ""Short desc"" }","{ ""message"": ""Package created successfully"" }",201 on success; 400/401/403/500 on error,Admin Dashboard — Create new package
18,Admin,/api/admin/packages/:id,PUT,Bearer JWT (admin),"{ ""price"": 15000, ""status"": ""inactive"" }","{ ""message"": ""Package updated successfully"" }",200 on success; 404/401/403/500 on error,Admin Dashboard — Update package. Path params: {packageId}
19,Admin,/api/admin/packages/:id,DELETE,Bearer JWT (admin),,"{ ""message"": ""Package deleted successfully"" }",200 on success; 404/401/403/500 on error,Admin Dashboard — Delete package. Path params: {packageId}
20,Admin,/api/admin/itineraries,GET,Bearer JWT (admin),,"{ ""itineraries"": [...] }",200 on success; 401/403/500 on error,"Admin Dashboard — List all itineraries. Supports ?page & ?limit (?limit=all returns every row); response adds a ""pagination"" object"
21,Admin,/api/admin/itineraries,POST,Bearer JWT (admin),"{ ""name"": ""Day 1"", ""packageId"": ""<pkgId>"", ""packageName"": ""Manali Trip"", ""days"": 4, ""hotels"": [""Hotel A""], ""status"": ""active"" }","{ ""message"": ""Itinerary created successfully"" }",201 on success; 400/401/403/500 on error,Admin Dashboard — Create itinerary
22,Admin,/api/admin/itineraries/:id,PUT,Bearer JWT (admin),"{ ""name"": ""Updated"", ""status"": ""active"" }","{ ""message"": ""Itinerary updated successfully"" }",200 on success; 404/401/403/500 on error,Admin Dashboard — Update itinerary. Path params: {id}
23,Admin,/api/admin/itineraries/:id,DELETE,Bearer JWT (admin),,"{ ""message"": ""Itinerary deleted successfully"" }",200 on success; 404/401/403/500 on error,Admin Dashboard — Delete itinerary. Path params: {id}
24,Admin,/api/admin/hotels,GET,Bearer JWT (admin),,"{ ""hotels"": [...] }",200 on success; 401/403/500 on error,"Admin Dashboard — List all hotels. Supports ?page & ?limit (?limit=all returns every row); response adds a ""pagination"" object"
25,Admin,/api/admin/hotels,POST,Bearer JWT (admin),"{ ""name"": ""Grand Palace"", ""location"": ""Jaipur"", ""rooms"": 10, ""rating"": 4 }","{ ""message"": ""Hotel created successfully"" }",201 on success; 400/401/403/500 on error,Admin Dashboard — Create hotel
26,Admin,/api/admin/hotels/:id,PUT,Bearer JWT (admin),"{ ""name"": ""Updated"" }","{ ""message"": ""Hotel updated successfully"" }",200 on success; 404/401/403/500 on error,Admin Dashboard — Update hotel. Path params: {id}
27,Admin,/api/admin/hotels/:id,DELETE,Bearer JWT (admin),,"{ ""message"": ""Hotel deleted successfully"" }",200 on success; 404/401/403/500 on error,Admin Dashboard — Delete hotel. Path params: {id}
28,Admin,/api/admin/rooms,GET,Bearer JWT (admin),,"{ ""rooms"": [...] }",200 on success; 401/403/500 on error,"Admin Dashboard — List all rooms. Supports ?page & ?limit (?limit=all returns every row); response adds a ""pagination"" object"
29,Admin,/api/admin/rooms,POST,Bearer JWT (admin),"{ ""hotel"": ""<hotelId>"", ""type"": ""Deluxe"", ""total"": 10, ""price"": 3500 }","{ ""message"": ""Room created successfully"" }",201 on success; 400/401/403/500 on error,Admin Dashboard — Create room
30,Admin,/api/admin/rooms/:id,PUT,Bearer JWT (admin),"{ ""price"": 4000 }","{ ""message"": ""Room updated successfully"" }",200 on success; 404/401/403/500 on error,Admin Dashboard — Update room. Path params: {id}
31,Admin,/api/admin/rooms/:id,DELETE,Bearer JWT (admin),,"{ ""message"": ""Room deleted successfully"" }",200 on success; 404/401/403/500 on error,Admin Dashboard — Delete room. Path params: {id}
32,Admin,/api/admin/bookings,GET,Bearer JWT (admin),,"{ ""bookings"": [...] }",200 on success; 401/403/500 on error,"Admin Dashboard — List all bookings. Supports ?page & ?limit (?limit=all returns every row); response adds a ""pagination"" object"
33,Admin,/api/admin/bookings,POST,Bearer JWT (admin),"{ ""customer"": ""<custId>"", ""email"": ""cust@test.com"", ""package"": ""Trip"", ""amount"": 12000 }","{ ""message"": ""Booking created successfully"" }",201 on success; 400/401/403/500 on error,Admin Dashboard — Create booking
34,Admin,/api/admin/bookings/:id,PUT,Bearer JWT (admin),"{ ""status"": ""confirmed"" }","{ ""message"": ""Booking updated successfully"" }",200 on success; 404/401/403/500 on error,Admin Dashboard — Update booking. Path params: {id}
35,Admin,/api/admin/bookings/:id,DELETE,Bearer JWT (admin),,"{ ""message"": ""Booking deleted successfully"" }",200 on success; 404/401/403/500 on error,Admin Dashboard — Delete booking. Path params: {id}
36,Admin,/api/admin/invoices,GET,Bearer JWT (admin),,"{ ""invoices"": [...] }",200 on success; 401/403/500 on error,"Admin Dashboard — List all invoices. Supports ?page & ?limit (?limit=all returns every row); response adds a ""pagination"" object"
37,Admin,/api/admin/invoices,POST,Bearer JWT (admin),"{ ""invoiceNo"": ""INV001"", ""customer"": ""<custId>"", ""amount"": 12000 }","{ ""message"": ""Invoice created successfully"" }",201 on success; 400/401/403/500 on error,Admin Dashboard — Create invoice
38,Admin,/api/admin/invoices/:id,PUT,Bearer JWT (admin),"{ ""status"": ""paid"" }","{ ""message"": ""Invoice updated successfully"" }",200 on success; 404/401/403/500 on error,Admin Dashboard — Update invoice. Path params: {id}
39,Admin,/api/admin/invoices/:id,DELETE,Bearer JWT (admin),,"{ ""message"": ""Invoice deleted successfully"" }",200 on success; 404/401/403/500 on error,Admin Dashboard — Delete invoice. Path params: {id}
40,Admin,/api/admin/reviews,GET,Bearer JWT (admin),,"{ ""reviews"": [...] }",200 on success; 401/403/500 on error,"Admin Dashboard — List all reviews. Supports ?page & ?limit (?limit=all returns every row); response adds a ""pagination"" object"
41,Admin,/api/admin/reviews,POST,Bearer JWT (admin),"{ ""customer"": ""<custId>"", ""package"": ""<pkgId>"", ""rating"": 5 }","{ ""message"": ""Review created successfully"" }",201 on success; 400/401/403/500 on error,Admin Dashboard — Create review
42,Admin,/api/admin/reviews/:id,PUT,Bearer JWT (admin),"{ ""status"": ""approved"" }","{ ""message"": ""Review updated successfully"" }",200 on success; 404/401/403/500 on error,Admin Dashboard — Update review. Path params: {id}
43,Admin,/api/admin/reviews/:id,DELETE,Bearer JWT (admin),,"{ ""message"": ""Review deleted successfully"" }",200 on success; 404/401/403/500 on error,Admin Dashboard — Delete review. Path params: {id}
44,Admin,/api/admin/coupons,GET,Bearer JWT (admin),,"{ ""coupons"": [...] }",200 on success; 401/403/500 on error,"Admin Dashboard — List all coupons. Supports ?page & ?limit (?limit=all returns every row); response adds a ""pagination"" object"
45,Admin,/api/admin/coupons,POST,Bearer JWT (admin),"{ ""code"": ""SAVE10"", ""discount"": 10, ""type"": ""percentage"", ""minPurchase"": 5000 }","{ ""message"": ""Coupon created successfully"" }",201 on success; 400/401/403/500 on error,Admin Dashboard — Create coupon
46,Admin,/api/admin/coupons/:id,PUT,Bearer JWT (admin),"{ ""discount"": 15 }","{ ""message"": ""Coupon updated successfully"" }",200 on success; 404/401/403/500 on error,Admin Dashboard — Update coupon. Path params: {id}
47,Admin,/api/admin/coupons/:id,DELETE,Bearer JWT (admin),,"{ ""message"": ""Coupon deleted successfully"" }",200 on success; 404/401/403/500 on error,Admin Dashboard — Delete coupon. Path params: {id}
48,Admin,/api/admin/settings,GET,Bearer JWT (admin),,"{ ""settings"": {...} }",200 on success; 401/403/500 on error,Admin Dashboard — Get admin settings
49,Admin,/api/admin/settings,PUT,Bearer JWT (admin),"{ ""currency"": ""INR"", ""language"": ""en"" }","{ ""message"": ""Settings updated"" }",200 on success; 401/403/500 on error,Admin Dashboard — Update admin settings
50,Admin,/api/admin/analytics,GET,Bearer JWT (admin),,"{ ""totalUsers"": 100, ""totalRevenue"": 500000 }",200 on success; 401/403/500 on error,Admin Dashboard — Get admin analytics
51,Admin,/api/admin/reports/summary,GET,Bearer JWT (admin),,"{ ""summary"": {...} }",200 on success; 401/403/500 on error,Admin Dashboard — Get report summary
52,Admin,/api/admin/notifications,GET,Bearer JWT (admin),,"{ ""notifications"": [...] }",200 on success; 401/403/500 on error,"Admin Dashboard — List admin notifications. Supports ?page & ?limit (?limit=all returns every row); response adds a ""pagination"" object"
53,Admin,/api/admin/notifications,POST,Bearer JWT (admin),"{ ""title"": ""Update"", ""message"": ""Maintenance"" }","{ ""message"": ""Notification sent"" }",201 on success; 400/401/403/500 on error,Admin Dashboard — Send notification
54,Admin,/api/admin/notifications/:id,DELETE,Bearer JWT (admin),,"{ ""message"": ""Notification deleted"" }",200 on success; 404/401/403/500 on error,Admin Dashboard — Delete notification. Path params: {id}
55,Admin,/api/admin/notifications/:id/read,PUT,Bearer JWT (admin),,"{ ""message"": ""Notification marked as read"" }",200 on success; 404/401/403/500 on error,Admin Dashboard — Mark notification read. Path params: {id}
140,Admin,/api/users,GET,Bearer JWT (admin),,"{ ""users"": [{ ""_id"": ""..."" }] }",200 on success; 401/403/500 on error,"Admin Dashboard — List users (admin scoped). Supports ?page & ?limit (?limit=all returns every row); response adds a ""pagination"" object"
141,Admin,/api/admin/send-email,POST,Bearer JWT (admin),"{ ""to"": ""user@test.com"", ""subject"": ""Update"", ""message"": ""Body copy"" }","{ ""message"": ""Email sent"" }",200 on success; 400/401/403/500 on error,Admin Dashboard — Send an email to a user
56,Operator,/api/operator/profile,GET,Bearer JWT (tour_operator),,"{ ""user"": {...}, ""profile"": {...} }",200 on success; 401/403/500 on error,Tour Operator — Get operator profile
57,Operator,/api/operator/profile,PUT,Bearer JWT (tour_operator),"{ ""fullName"": ""Updated Name"", ""phone"": ""9000000001"" }","{ ""message"": ""Profile updated"" }",200 on success; 401/403/500 on error,Tour Operator — Update operator profile
58,Operator,/api/operator/packages,GET,Bearer JWT (tour_operator),,"{ ""packages"": [{ ""_id"": ""..."" }] }",200 on success; 401/403/500 on error,"Tour Operator — List operator packages. Supports ?page & ?limit (?limit=all returns every row); response adds a ""pagination"" object"
59,Operator,/api/operator/packages,POST,Bearer JWT (tour_operator),"{ ""name"": ""Goa Trip"", ""destination"": ""Goa"", ""duration"": ""3 Days"", ""price"": 8000, ""publishedStatus"": ""published"" }","{ ""message"": ""Package created successfully"" }",201 on success; 400/401/403/500 on error,Tour Operator — Create package
60,Operator,/api/operator/packages/:id,GET,Bearer JWT (tour_operator),/{packageId},"{ ""package"": {...} }",200 on success; 404/401/403/500 on error,Tour Operator — Get single package
61,Operator,/api/operator/packages/:id,PUT,Bearer JWT (tour_operator),"{ ""price"": 9500 }","{ ""message"": ""Package updated successfully"" }",200 on success; 404/401/403/500 on error,Tour Operator — Update package. Path params: {packageId}
62,Operator,/api/operator/packages/:id,DELETE,Bearer JWT (tour_operator),,"{ ""message"": ""Package deleted successfully"" }",200 on success; 404/401/403/500 on error,Tour Operator — Delete package. Path params: {packageId}
63,Operator,/api/operator/itineraries,GET,Bearer JWT (tour_operator),,"{ ""itineraries"": [...] }",200 on success; 401/403/500 on error,"Tour Operator — List itineraries. Supports ?page & ?limit (?limit=all returns every row); response adds a ""pagination"" object"
64,Operator,/api/operator/itineraries/package/:packageId,GET,Bearer JWT (tour_operator),/{packageId},"{ ""itineraries"": [...] }",200 on success; 401/403/500 on error,Tour Operator — Get itineraries by package
65,Operator,/api/operator/itineraries,POST,Bearer JWT (tour_operator),"{ ""name"": ""Day 1"", ""packageId"": ""<pkgId>"", ""days"": 4 }","{ ""message"": ""Itinerary created successfully"" }",201 on success; 400/401/403/500 on error,Tour Operator — Create itinerary
66,Operator,/api/operator/itineraries/:id,PUT,Bearer JWT (tour_operator),"{ ""name"": ""Updated"" }","{ ""message"": ""Itinerary updated"" }",200 on success; 404/401/403/500 on error,Tour Operator — Update itinerary. Path params: {id}
67,Operator,/api/operator/itineraries/:id,DELETE,Bearer JWT (tour_operator),,"{ ""message"": ""Itinerary deleted"" }",200 on success; 404/401/403/500 on error,Tour Operator — Delete itinerary. Path params: {id}
68,Operator,/api/operator/pricing/package/:packageId,GET,Bearer JWT (tour_operator),/{packageId},"{ ""pricing"": {...} }",200 on success; 401/403/500 on error,Tour Operator — Get pricing
69,Operator,/api/operator/pricing,POST,Bearer JWT (tour_operator),"{ ""packageId"": ""<pkgId>"", ""price"": 5000 }","{ ""message"": ""Pricing created"" }",201 on success; 400/401/403/500 on error,Tour Operator — Create pricing
70,Operator,/api/operator/pricing/:id,PUT,Bearer JWT (tour_operator),"{ ""price"": 5500 }","{ ""message"": ""Pricing updated"" }",200 on success; 404/401/403/500 on error,Tour Operator — Update pricing. Path params: {id}
71,Operator,/api/operator/availability/package/:packageId,GET,Bearer JWT (tour_operator),/{packageId},"{ ""availability"": [...] }",200 on success; 401/403/500 on error,"Tour Operator — Get availability. Supports ?page & ?limit (?limit=all returns every row); response adds a ""pagination"" object"
72,Operator,/api/operator/availability,POST,Bearer JWT (tour_operator),"{ ""packageId"": ""<pkgId>"", ""date"": ""2026-12-25"", ""available"": 20 }","{ ""message"": ""Availability created"" }",201 on success; 400/401/403/500 on error,Tour Operator — Create availability
73,Operator,/api/operator/availability/:id,PUT,Bearer JWT (tour_operator),"{ ""available"": 15 }","{ ""message"": ""Availability updated"" }",200 on success; 404/401/403/500 on error,Tour Operator — Update availability. Path params: {id}
74,Operator,/api/operator/availability/:id,DELETE,Bearer JWT (tour_operator),,"{ ""message"": ""Availability deleted"" }",200 on success; 404/401/403/500 on error,Tour Operator — Delete availability. Path params: {id}
75,Operator,/api/operator/bookings,GET,Bearer JWT (tour_operator),,"{ ""bookings"": [...] }",200 on success; 401/403/500 on error,"Tour Operator — List bookings. Supports ?page & ?limit (?limit=all returns every row); response adds a ""pagination"" object"
76,Operator,/api/operator/bookings/:id,GET,Bearer JWT (tour_operator),/{id},"{ ""booking"": {...} }",200 on success; 404/401/403/500 on error,Tour Operator — Get booking details
77,Operator,/api/operator/bookings/:id,PUT,Bearer JWT (tour_operator),"{ ""status"": ""confirmed"" }","{ ""message"": ""Booking updated"" }",200 on success; 404/401/403/500 on error,Tour Operator — Update booking. Path params: {id}
78,Operator,/api/operator/customers,GET,Bearer JWT (tour_operator),,"{ ""customers"": [...] }",200 on success; 401/403/500 on error,"Tour Operator — List customers. Supports ?page & ?limit (?limit=all returns every row); response adds a ""pagination"" object"
79,Operator,/api/operator/customers/:id,GET,Bearer JWT (tour_operator),/{id},"{ ""bookings"": [...], ""reviews"": [...] }",200 on success; 401/403/500 on error,Tour Operator — Get customer details
80,Operator,/api/operator/reviews,GET,Bearer JWT (tour_operator),,"{ ""reviews"": [...] }",200 on success; 401/403/500 on error,"Tour Operator — List reviews. Supports ?page & ?limit (?limit=all returns every row); response adds a ""pagination"" object"
81,Operator,/api/operator/reviews/:id/respond,PUT,Bearer JWT (tour_operator),"{ ""response"": ""Thank you!"" }","{ ""message"": ""Review responded"" }",200 on success; 404/401/403/500 on error,Tour Operator — Respond to review. Path params: {id}
82,Operator,/api/operator/revenue,GET,Bearer JWT (tour_operator),,"{ ""totalRevenue"": 500000, ""revenueByPackage"": [] }",200 on success; 401/403/500 on error,Tour Operator — Get revenue report
83,Operator,/api/operator/notifications,GET,Bearer JWT (tour_operator),,"{ ""notifications"": [...] }",200 on success; 401/403/500 on error,"Tour Operator — List notifications. Supports ?page & ?limit (?limit=all returns every row); response adds a ""pagination"" object"
84,Operator,/api/operator/notifications/:id/read,PUT,Bearer JWT (tour_operator),,"{ ""message"": ""Notification marked as read"" }",200 on success; 404/401/403/500 on error,Tour Operator — Mark notification read. Path params: {id}
85,Operator,/api/operator/notifications/read-all,PUT,Bearer JWT (tour_operator),,"{ ""message"": ""All marked as read"" }",200 on success; 401/403/500 on error,Tour Operator — Mark all read
86,Operator,/api/operator/notifications/:id,DELETE,Bearer JWT (tour_operator),,"{ ""message"": ""Notification deleted"" }",200 on success; 404/401/403/500 on error,Tour Operator — Delete notification. Path params: {id}
87,Customer,/api/customer/profile,GET,Bearer JWT (customer),,"{ ""user"": {...} }",200 on success; 401/403/500 on error,Customer — Get customer profile
88,Customer,/api/customer/profile,PUT,Bearer JWT (customer),"{ ""fullName"": ""Jane"", ""phone"": ""9000000001"" }","{ ""message"": ""Profile updated"" }",200 on success; 401/403/500 on error,Customer — Update profile
89,Customer,/api/customer/packages,GET,Bearer JWT (customer),,"{ ""packages"": [...] }",200 on success; 401/403/500 on error,"Customer — List packages for customer. Supports ?page & ?limit (?limit=all returns every row); response adds a ""pagination"" object"
90,Customer,/api/customer/bookings,GET,Bearer JWT (customer),,"{ ""bookings"": [...] }",200 on success; 401/403/500 on error,"Customer — List bookings. Supports ?page & ?limit (?limit=all returns every row); response adds a ""pagination"" object"
91,Customer,/api/customer/bookings,POST,Bearer JWT (customer),"{ ""packageId"": ""<pkgId>"", ""travelers"": 2, ""travelDate"": ""2026-12-25"" }","{ ""message"": ""Booking created"" }",201 on success; 400/401/403/500 on error,Customer — Create booking
92,Customer,/api/customer/bookings/:id,GET,Bearer JWT (customer),/{id},"{ ""booking"": {...} }",200 on success; 404/401/403/500 on error,Customer — Get booking details
93,Customer,/api/customer/bookings/:id,PUT,Bearer JWT (customer),"{ ""phone"": ""9000000099"" }","{ ""message"": ""Booking updated"" }",200 on success; 404/401/403/500 on error,Customer — Update booking. Path params: {id}
94,Customer,/api/customer/bookings/:id/pay,PUT,Bearer JWT (customer),"{ ""paidAmount"": 12000 }","{ ""message"": ""Payment successful"" }",200 on success; 404/401/403/500 on error,Customer — Pay for booking. Path params: {id}
95,Customer,/api/customer/itineraries,GET,Bearer JWT (customer),,"{ ""itineraries"": [...] }",200 on success; 401/403/500 on error,"Customer — Get itineraries. Supports ?page & ?limit (?limit=all returns every row); response adds a ""pagination"" object"
96,Customer,/api/customer/invoices,GET,Bearer JWT (customer),,"{ ""invoices"": [...] }",200 on success; 401/403/500 on error,"Customer — List invoices. Supports ?page & ?limit (?limit=all returns every row); response adds a ""pagination"" object"
97,Customer,/api/customer/invoices/:id,GET,Bearer JWT (customer),/{id},"{ ""invoice"": {...} }",200 on success; 404/401/403/500 on error,Customer — Get invoice details
98,Customer,/api/customer/reviews,GET,Bearer JWT (customer),,"{ ""reviews"": [...] }",200 on success; 401/403/500 on error,"Customer — List reviews. Supports ?page & ?limit (?limit=all returns every row); response adds a ""pagination"" object"
99,Customer,/api/customer/reviews,POST,Bearer JWT (customer),"{ ""packageId"": ""<pkgId>"", ""rating"": 5, ""title"": ""Amazing"", ""comment"": ""Great"" }","{ ""message"": ""Review created"" }",201 on success; 400/401/403/500 on error,Customer — Create review
100,Customer,/api/customer/reviews/:id,DELETE,Bearer JWT (customer),,"{ ""message"": ""Review deleted"" }",200 on success; 404/401/403/500 on error,Customer — Delete review. Path params: {id}
101,Customer,/api/customer/wishlist,GET,Bearer JWT (customer),,"{ ""wishlist"": [...] }",200 on success; 401/403/500 on error,"Customer — List wishlist. Supports ?page & ?limit (?limit=all returns every row); response adds a ""pagination"" object"
102,Customer,/api/customer/wishlist,POST,Bearer JWT (customer),"{ ""packageId"": ""<pkgId>"" }","{ ""message"": ""Added to wishlist"" }",201 on success; 401/403/400/500 on error,Customer — Add to wishlist
103,Customer,/api/customer/wishlist/:id,DELETE,Bearer JWT (customer),,"{ ""message"": ""Removed from wishlist"" }",200 on success; 404/401/403/500 on error,Customer — Remove from wishlist. Path params: {id}
104,Customer,/api/customer/notifications,GET,Bearer JWT (customer),,"{ ""notifications"": [...] }",200 on success; 401/403/500 on error,"Customer — List notifications. Supports ?page & ?limit (?limit=all returns every row); response adds a ""pagination"" object"
105,Customer,/api/customer/notifications/:id/read,PUT,Bearer JWT (customer),,"{ ""message"": ""Notification marked as read"" }",200 on success; 404/401/403/500 on error,Customer — Mark notification read. Path params: {id}
106,Customer,/api/customer/notifications/read-all,PUT,Bearer JWT (customer),,"{ ""message"": ""All marked as read"" }",200 on success; 401/403/500 on error,Customer — Mark all read
107,Customer,/api/customer/notifications/:id,DELETE,Bearer JWT (customer),,"{ ""message"": ""Notification deleted"" }",200 on success; 404/401/403/500 on error,Customer — Delete notification. Path params: {id}
108,Customer,/api/customer/analytics,GET,Bearer JWT (customer),,"{ ""stats"": {...} }",200 on success; 401/403/500 on error,Customer — Get analytics
109,Hotel Partner,/api/hotel/profile,GET,Bearer JWT (hotel_partner),,"{ ""user"": {...}, ""profile"": {...} }",200 on success; 401/403/500 on error,Hotel Partner — Get hotel profile
110,Hotel Partner,/api/hotel/profile,PUT,Bearer JWT (hotel_partner),"{ ""hotelName"": ""Grand Palace"", ""email"": ""hotel@test.com"", ""phone"": ""7000000001"", ""address"": ""123 Main St"", ""city"": ""Jaipur"", ""starRating"": 4 }","{ ""message"": ""Profile updated"" }",200 on success; 401/403/500 on error,Hotel Partner — Update hotel profile
111,Hotel Partner,/api/hotel/settings,GET,Bearer JWT (hotel_partner),,"{ ""settings"": {...} }",200 on success; 401/403/500 on error,Hotel Partner — Get hotel settings
112,Hotel Partner,/api/hotel/settings,PUT,Bearer JWT (hotel_partner),"{ ""emailNotifications"": true }","{ ""message"": ""Settings updated"" }",200 on success; 401/403/500 on error,Hotel Partner — Update hotel settings
113,Hotel Partner,/api/hotel/rooms,GET,Bearer JWT (hotel_partner),,"{ ""rooms"": [...] }",200 on success; 401/403/500 on error,"Hotel Partner — List hotel rooms. Supports ?page & ?limit (?limit=all returns every row); response adds a ""pagination"" object"
114,Hotel Partner,/api/hotel/rooms,POST,Bearer JWT (hotel_partner),"{ ""type"": ""Deluxe"", ""total"": 10, ""price"": 3500 }","{ ""message"": ""Room created"" }",201 on success; 401/403/400/500 on error,Hotel Partner — Create hotel room
115,Hotel Partner,/api/hotel/rooms/:id,PUT,Bearer JWT (hotel_partner),"{ ""available"": 3 }","{ ""message"": ""Room updated"" }",200 on success; 404/401/403/500 on error,Hotel Partner — Update room. Path params: {id}
116,Hotel Partner,/api/hotel/rooms/:id,DELETE,Bearer JWT (hotel_partner),,"{ ""message"": ""Room deleted"" }",200 on success; 404/401/403/500 on error,Hotel Partner — Delete room. Path params: {id}
117,Hotel Partner,/api/hotel/pricing,GET,Bearer JWT (hotel_partner),,"{ ""pricing"": [...] }",200 on success; 401/403/500 on error,"Hotel Partner — Get pricing. Supports ?page & ?limit (?limit=all returns every row); response adds a ""pagination"" object"
118,Hotel Partner,/api/hotel/pricing/:id,PUT,Bearer JWT (hotel_partner),"{ ""price"": 4000 }","{ ""message"": ""Pricing updated"" }",200 on success; 404/401/403/500 on error,Hotel Partner — Update pricing. Path params: {id}
119,Hotel Partner,/api/hotel/availability,GET,Bearer JWT (hotel_partner),,"{ ""availability"": [...] }",200 on success; 401/403/500 on error,"Hotel Partner — Get availability. Supports ?page & ?limit (?limit=all returns every row); response adds a ""pagination"" object"
120,Hotel Partner,/api/hotel/availability/bulk,PUT,Bearer JWT (hotel_partner),"{ ""date"": ""2026-12-25"", ""availability"": [{ ""roomType"": ""Deluxe"", ""available"": 5 }] }","{ ""message"": ""Availability updated"" }",200 on success; 401/403/400/500 on error,Hotel Partner — Update availability (bulk)
121,Hotel Partner,/api/hotel/bookings,GET,Bearer JWT (hotel_partner),,"{ ""bookings"": [...] }",200 on success; 401/403/500 on error,"Hotel Partner — List bookings. Supports ?page & ?limit (?limit=all returns every row); response adds a ""pagination"" object"
122,Hotel Partner,/api/hotel/bookings,POST,Bearer JWT (hotel_partner),"{ ""guestName"": ""John"", ""checkInDate"": ""2026-12-25"", ""guests"": 2, ""amount"": 12000 }","{ ""message"": ""Booking created"" }",201 on success; 401/403/400/500 on error,Hotel Partner — Create booking
123,Hotel Partner,/api/hotel/bookings/:id,PUT,Bearer JWT (hotel_partner),"{ ""status"": ""confirmed"" }","{ ""message"": ""Booking updated"" }",200 on success; 404/401/403/500 on error,Hotel Partner — Update booking. Path params: {id}
124,Hotel Partner,/api/hotel/bookings/:id,DELETE,Bearer JWT (hotel_partner),,"{ ""message"": ""Booking deleted"" }",200 on success; 404/401/403/500 on error,Hotel Partner — Delete booking. Path params: {id}
125,Hotel Partner,/api/hotel/bookings/:id/pay,PUT,Bearer JWT (hotel_partner),"{ ""paidAmount"": 12000 }","{ ""message"": ""Payment recorded"" }",200 on success; 404/401/403/500 on error,Hotel Partner — Process payment. Path params: {id}
126,Hotel Partner,/api/hotel/guests,GET,Bearer JWT (hotel_partner),,"{ ""bookings"": [...] }",200 on success; 401/403/500 on error,"Hotel Partner — List guests. Supports ?page & ?limit (?limit=all returns every row); response adds a ""pagination"" object"
127,Hotel Partner,/api/hotel/reviews,GET,Bearer JWT (hotel_partner),,"{ ""reviews"": [...] }",200 on success; 401/403/500 on error,"Hotel Partner — List reviews. Supports ?page & ?limit (?limit=all returns every row); response adds a ""pagination"" object"
128,Hotel Partner,/api/hotel/reviews/:id/respond,PUT,Bearer JWT (hotel_partner),"{ ""response"": ""Thank you!"" }","{ ""message"": ""Review responded"" }",200 on success; 404/401/403/500 on error,Hotel Partner — Respond to review. Path params: {id}
129,Hotel Partner,/api/hotel/reviews/:id/status,PUT,Bearer JWT (hotel_partner),"{ ""status"": ""approved"" }","{ ""message"": ""Status updated"" }",200 on success; 404/401/403/500 on error,Hotel Partner — Update review status. Path params: {id}
130,Hotel Partner,/api/hotel/reviews/:id,DELETE,Bearer JWT (hotel_partner),,"{ ""message"": ""Review deleted"" }",200 on success; 404/401/403/500 on error,Hotel Partner — Delete review. Path params: {id}
131,Hotel Partner,/api/hotel/revenue,GET,Bearer JWT (hotel_partner),,"{ ""totalRevenue"": 500000 }",200 on success; 401/403/500 on error,Hotel Partner — Get revenue
132,Hotel Partner,/api/hotel/notifications,GET,Bearer JWT (hotel_partner),,"{ ""notifications"": [...] }",200 on success; 401/403/500 on error,"Hotel Partner — List notifications. Supports ?page & ?limit (?limit=all returns every row); response adds a ""pagination"" object"
133,Hotel Partner,/api/hotel/notifications/read-all,PUT,Bearer JWT (hotel_partner),,"{ ""message"": ""All marked as read"" }",200 on success; 401/403/500 on error,Hotel Partner — Mark all read
134,Hotel Partner,/api/hotel/notifications/:id/read,PUT,Bearer JWT (hotel_partner),,"{ ""message"": ""Notification marked as read"" }",200 on success; 404/401/403/500 on error,Hotel Partner — Mark notification read. Path params: {id}
135,Hotel Partner,/api/hotel/notifications/:id,DELETE,Bearer JWT (hotel_partner),,"{ ""message"": ""Notification deleted"" }",200 on success; 404/401/403/500 on error,Hotel Partner — Delete notification. Path params: {id}
136,Hotel Partner,/api/hotel/analytics,GET,Bearer JWT (hotel_partner),,"{ ""stats"": {...} }",200 on success; 401/403/500 on error,Hotel Partner — Get hotel analytics